FERC-Region,EIA BA
Alberta,AESO
British Colombia,BCHA
CAISO,CISO
CAISO,IID
CAISO,LDWP
CAISO,TIDC
CAISO,BANC
ERCOT,ERCO
FRCC,FPC
FRCC,FPL
FRCC,JEA
FRCC,TEC
FRCC,FMPP
FRCC,GVL
FRCC,SEC
FRCC,TAL
FRCC,HST
ISONE,ISNE
Manitoba,MHEB
Mexico,CEN
MISO,MISO
MISO,GLHB
New Brunswick,NBSO
NorthernGrid,BPAT
NorthernGrid,CHPD
NorthernGrid,GCPD
NorthernGrid,IPCO
NorthernGrid,NWMT
NorthernGrid,PACW
NorthernGrid,PACE
NorthernGrid,AVA
NorthernGrid,AVRN
NorthernGrid,DOPD
NorthernGrid,GRID
NorthernGrid,NEVP
NorthernGrid,PGE
NorthernGrid,PSEI
NorthernGrid,SCL
NorthernGrid,TPWR
NorthernGrid,GWA
NorthernGrid,WWA
NYISO,NYIS
Ontario,IESO
PJM,PJM
Quebec,HQT
Saskatchewan,SPC
SCRTP,SC
SCRTP,SCEG
SERC,AECI
SERC,SOCO
SERC,TVA
SERC,DUK
SERC,YAD
SERC,CPLE
SERC,CPLW
SERC,SEPA
SERC,LGEE
SERC,AEC
SPP,SPA
SPP,SWPP
WestConnect,PNM
WestConnect,SRP
WestConnect,TEPC
WestConnect,WACM
WestConnect,WALC
WestConnect,AZPS
WestConnect,WAUW
WestConnect,EPE
WestConnect,PSCO
WestConnect,DEAA
WestConnect,HGMA
WestConnect,GRIF
MISO,EEI
FRCC,NSB
